image,label,x,y,width,height
image (29).png,1,0.74,0.7797619047619048,0.3933333333333333,0.43452380952380953
image (29).png,1,0.32,0.4107142857142857,0.22333333333333333,0.375
image (29).png,2,0.7433333333333333,0.5833333333333334,0.08666666666666667,0.5
image (29).png,2,0.58,0.26785714285714285,0.043333333333333335,0.16071428571428573
