image,label,x,y,width,height
halle6_frame(45).png,2,0.6315104166666666,0.5111111111111111,0.016,0.07
halle6_frame(45).png,1,0.635,0.5388888888888889,0.06,0.065
