image,label,x,y,width,height
halle6_frame(11).png,1,0.098,0.5342592592592592,0.033,0.11898148148148148
halle6_frame(11).png,2,0.097,0.4861111111111111,0.033,0.09907407407407408
