image,label,x,y,width,height
halle6_frame(52).png,1,0.47708333333333336,0.5351851851851852,0.05,0.06
halle6_frame(52).png,2,0.47604166666666664,0.5083333333333333,0.015,0.06
