image,label,x,y,width,height
halle6_frame(25).png,1,0.58,0.575925925925926,0.18,0.23
halle6_frame(25).png,2,0.5997395833333333,0.487962962962963,0.05260416666666667,0.20879629629629629
