image,label,x,y,width,height
halle3_frame(1).png,1,0.5184895833333333,0.5259259259259259,0.035,0.06
halle3_frame(1).png,2,0.518,0.5037037037037037,0.015,0.05
