image,label,x,y,width,height
halle6_frame(20).png,1,0.28,0.5694444444444444,0.13723958333333333,0.2375
halle6_frame(20).png,2,0.26901041666666664,0.47962962962962963,0.04791666666666667,0.21342592592592594
