image,label,x,y,width,height
halle6_frame(22).png,1,0.375,0.5875,0.21067708333333332,0.25601851851851853
halle6_frame(22).png,2,0.3658854166666667,0.48055555555555557,0.04609375,0.2162037037037037
