image,label,x,y,width,height
halle6_frame(56).png,1,0.40963541666666664,0.537962962962963,0.025260416666666667,0.07314814814814814
halle6_frame(56).png,2,0.4083333333333333,0.5023148148148148,0.015885416666666666,0.06898148148148148
