image,label,x,y,width,height
halle6_frame(24).png,1,0.52,0.5861111111111111,0.19348958333333333,0.24953703703703703
halle6_frame(24).png,2,0.5296875,0.4912037037037037,0.055,0.25
