image,label,x,y,width,height
halle3_frame(5).png,1,0.4244791666666667,0.525,0.03,0.048
halle3_frame(5).png,2,0.423,0.5055555555555555,0.011458333333333333,0.04
