image,label,x,y,width,height
halle6_frame(70).png,1,0.6497395833333334,0.5472222222222223,0.028,0.08
halle6_frame(70).png,2,0.6463541666666667,0.505,0.019791666666666666,0.08
