image,label,x,y,width,height
halle6_frame(53).png,1,0.45755208333333336,0.5356481481481481,0.05234375,0.065
halle6_frame(53).png,2,0.4557291666666667,0.5087962962962963,0.015,0.065
