image,label,x,y,width,height
halle6_frame(59).png,1,0.42,0.5421296296296296,0.0375,0.08888888888888889
halle6_frame(59).png,2,0.41171875,0.5046296296296297,0.019270833333333334,0.08
