image,label,x,y,width,height
halle5_frame(4).png,2,0.457,0.5106481481481482,0.0109375,0.044
halle5_frame(4).png,1,0.46,0.526,0.029,0.046
