image,label,x,y,width,height
halle6_frame(61).png,2,0.455,0.5041666666666667,0.017,0.095
halle6_frame(61).png,1,0.46,0.5458333333333333,0.07,0.0912037037037037
