image,label,x,y,width,height
halle6_frame(23).png,1,0.44,0.5847222222222223,0.22473958333333333,0.2652777777777778
halle6_frame(23).png,2,0.44869791666666664,0.4791666666666667,0.04869791666666667,0.2162037037037037
