image,label,x,y,width,height
halle6_frame(47).png,2,0.58515625,0.505,0.015,0.06
halle6_frame(47).png,1,0.587,0.537962962962963,0.055,0.07
