image,label,x,y,width,height
halle5_frame(2).png,1,0.4947916666666667,0.524,0.03,0.055
halle5_frame(2).png,2,0.491,0.5060185185185185,0.013,0.049
