image,label,x,y,width,height
halle3_frame(6).png,1,0.40677083333333336,0.5263888888888889,0.025260416666666667,0.05
halle3_frame(6).png,2,0.4046875,0.5064814814814815,0.010677083333333334,0.038
