image,label,x,y,width,height
halle6_frame(66).png,1,0.6166666666666667,0.5439814814814815,0.065,0.09027777777777778
halle6_frame(66).png,2,0.6229166666666667,0.5074074074074074,0.03,0.1
