image,label,x,y,width,height
halle6_frame(9).png,2,0.06979166666666667,0.49953703703703706,0.024479166666666666,0.08796296296296297
halle6_frame(9).png,1,0.073,0.5361111111111111,0.031,0.11666666666666667
