image,label,x,y,width,height
halle3_frame(7).png,2,0.389,0.508,0.013,0.038
halle3_frame(7).png,1,0.39166666666666666,0.5268518518518519,0.028,0.052
