image,label,x,y,width,height
halle3_frame(9).png,1,0.37135416666666665,0.525,0.024,0.043
halle3_frame(9).png,2,0.36953125,0.5060185185185185,0.0109375,0.03564814814814815
