image,label,x,y,width,height
halle6_frame(26).png,1,0.6203125,0.5708333333333333,0.13098958333333333,0.17824074074074073
halle6_frame(26).png,2,0.6518229166666667,0.5018518518518519,0.051041666666666666,0.21
