image,label,x,y,width,height
halle6_frame(65).png,1,0.5919270833333333,0.5476851851851852,0.078125,0.08796296296296297
halle6_frame(65).png,2,0.5919270833333333,0.503,0.023,0.09
