image,label,x,y,width,height
halle3_frame(10).png,1,0.36380208333333336,0.525,0.018,0.039
halle3_frame(10).png,2,0.363,0.5069444444444444,0.011,0.03518518518518519
