image,label,x,y,width,height
halle6_frame(44).png,2,0.65625,0.505,0.015,0.065
halle6_frame(44).png,1,0.6609375,0.5398148148148149,0.06,0.065
