image,label,x,y,width,height
halle6_frame(60).png,1,0.4283854166666667,0.5458333333333333,0.07,0.08657407407407407
halle6_frame(60).png,2,0.428,0.502,0.02,0.08