image,label,x,y,width,height
halle3_frame(4).png,2,0.443,0.5060185185185185,0.011458333333333333,0.047
halle3_frame(4).png,1,0.44479166666666664,0.5259259259259259,0.024,0.055
