image,label,x,y,width,height
halle6_frame(68).png,1,0.6510416666666666,0.5467592592592593,0.025,0.08518518518518518
halle6_frame(68).png,2,0.65,0.505,0.028,0.08
