image,label,x,y,width,height
halle6_frame(10).png,1,0.085,0.5310185185185186,0.034,0.10231481481481482
halle6_frame(10).png,2,0.083,0.48935185185185187,0.028,0.089
