image,label,x,y,width,height
halle5_frame(3).png,1,0.47890625,0.526,0.03307291666666667,0.048
halle5_frame(3).png,2,0.474,0.5092592592592593,0.012,0.048
