image,label,x,y,width,height
halle6_frame(12).png,2,0.10677083333333333,0.49027777777777776,0.028645833333333332,0.11064814814814815
halle6_frame(12).png,1,0.115,0.5412037037037037,0.04,0.14305555555555555
