image,label,x,y,width,height
halle5_frame(1).png,1,0.512,0.524,0.03,0.052
halle5_frame(1).png,2,0.5104166666666666,0.5064814814814815,0.012,0.05
