image,label,x,y,width,height
halle3_frame(3).png,1,0.4674479166666667,0.52,0.027,0.055
halle3_frame(3).png,2,0.466,0.503,0.0109375,0.045
