image,label,x,y,width,height
halle6_frame(13).png,2,0.12734375,0.4962962962962963,0.03828125,0.12916666666666668
halle6_frame(13).png,1,0.1296875,0.55,0.041666666666666664,0.15
