image,label,x,y,width,height
halle6_frame(27).png,1,0.6796875,0.5708333333333333,0.071875,0.17
halle6_frame(27).png,2,0.688,0.4930555555555556,0.04,0.17083333333333334
