image,label,x,y,width,height
halle6_frame(48).png,1,0.5658854166666667,0.5361111111111111,0.06171875,0.065
halle6_frame(48).png,2,0.5638020833333334,0.505,0.015,0.06
