image,label,x,y,width,height
halle6_frame(19).png,1,0.25,0.5680555555555555,0.10338541666666666,0.21296296296296297
halle6_frame(19).png,2,0.23723958333333334,0.4847222222222222,0.04140625,0.19074074074074074
