image,label,x,y,width,height
halle5_frame(6).png,1,0.425,0.524074074074074,0.026,0.04
halle5_frame(6).png,2,0.423,0.5074074074074074,0.011,0.038
