image,label,x,y,width,height
halle6_frame(67).png,1,0.6346354166666667,0.5472222222222223,0.04114583333333333,0.0912037037037037
halle6_frame(67).png,2,0.642,0.503,0.026,0.09
