image,label,x,y,width,height
halle6_frame(57).png,2,0.40182291666666664,0.5097222222222222,0.024,0.08
halle6_frame(57).png,1,0.40260416666666665,0.5425925925925926,0.019010416666666665,0.07268518518518519
