image,label,x,y,width,height
halle6_frame(50).png,2,0.5192708333333333,0.5069444444444444,0.016,0.065
halle6_frame(50).png,1,0.51875,0.5333333333333333,0.05625,0.065
