image,label,x,y,width,height
halle6_frame(21).png,1,0.3145833333333333,0.5782407407407407,0.1921875,0.24212962962962964
halle6_frame(21).png,2,0.31145833333333334,0.48333333333333334,0.04453125,0.22083333333333333
