image,label,x,y,width,height
halle6_frame(46).png,2,0.6083333333333333,0.51,0.015,0.064
halle6_frame(46).png,1,0.61,0.5388888888888889,0.05,0.065
