image,label,x,y,width,height
halle3_frame(13).png,1,0.34661458333333334,0.5226851851851851,0.02,0.04
halle3_frame(13).png,2,0.3451,0.508,0.01,0.037037037037037035
