image,label,x,y,width,height
halle6_frame(18).png,1,0.23,0.5657407407407408,0.11848958333333333,0.1837962962962963
halle6_frame(18).png,2,0.21484375,0.48564814814814816,0.03723958333333333,0.16666666666666666
