image,label,x,y,width,height
halle5_frame(7).png,1,0.409375,0.5268518518518519,0.02,0.036
halle5_frame(7).png,2,0.40677083333333336,0.5078703703703704,0.008854166666666666,0.03287037037037037
