image,label,x,y,width,height
halle6_frame(54).png,2,0.44,0.5074074074074074,0.015,0.065
halle6_frame(54).png,1,0.4348958333333333,0.538425925925926,0.044270833333333336,0.065
