image,label,x,y,width,height
halle6_frame(16).png,2,0.18,0.4930555555555556,0.04,0.1486111111111111
halle6_frame(16).png,1,0.18,0.5569444444444445,0.1,0.18
