image,label,x,y,width,height
halle6_frame(64).png,1,0.56,0.5458333333333333,0.085,0.08981481481481482
halle6_frame(64).png,2,0.5565104166666667,0.502,0.02,0.08472222222222223
