image,label,x,y,width,height
halle6_frame(63).png,1,0.522,0.5467592592592593,0.085,0.095
halle6_frame(63).png,2,0.522,0.5069444444444444,0.0171875,0.1
