image,label,x,y,width,height
halle6_frame(69).png,1,0.6549479166666666,0.5467592592592593,0.019270833333333334,0.07916666666666666
halle6_frame(69).png,2,0.655,0.505,0.025,0.08
