image,label,x,y,width,height
halle6_frame(55).png,2,0.4197916666666667,0.5050925925925925,0.017,0.065
halle6_frame(55).png,1,0.4197916666666667,0.5370370370370371,0.031510416666666666,0.074
