image,label,x,y,width,height
halle6_frame(17).png,2,0.19713541666666667,0.48935185185185187,0.0359375,0.15
halle6_frame(17).png,1,0.21,0.5597222222222222,0.08098958333333334,0.1814814814814815
