image,label,x,y,width,height
halle6_frame(14).png,2,0.14427083333333332,0.49398148148148147,0.039322916666666666,0.14305555555555555
halle6_frame(14).png,1,0.149,0.5467592592592593,0.05,0.1865740740740741
