image,label,x,y,width,height
halle6_frame(15).png,1,0.17,0.5597222222222222,0.07864583333333333,0.16435185185185186
halle6_frame(15).png,2,0.16197916666666667,0.4962962962962963,0.03333333333333333,0.13796296296296295
