image,label,x,y,width,height
halle6_frame(72).png,1,0.6278645833333333,0.54,0.04401041666666667,0.08
halle6_frame(72).png,2,0.6229166666666667,0.51,0.016,0.066
