image,label,x,y,width,height
halle6_frame(49).png,1,0.5419270833333333,0.5347222222222222,0.055,0.06
halle6_frame(49).png,2,0.5408854166666667,0.502,0.012,0.05416666666666667
