image,label,x,y,width,height
halle6_frame(58).png,2,0.4046875,0.5027777777777778,0.017447916666666667,0.0875
halle6_frame(58).png,1,0.408,0.5430555555555555,0.035,0.082
