image,label,x,y,width,height
halle6_frame(73).png,2,0.6005208333333333,0.5111111111111111,0.017,0.066
halle6_frame(73).png,1,0.6044270833333333,0.5388888888888889,0.0421875,0.075
