image,label,x,y,width,height
halle6_frame(62).png,1,0.483,0.5462962962962963,0.09,0.09537037037037037
halle6_frame(62).png,2,0.4830729166666667,0.5032407407407408,0.016927083333333332,0.09444444444444444
