image,label,x,y,width,height
halle3_frame(2).png,1,0.49661458333333336,0.5254629629629629,0.04,0.056
halle3_frame(2).png,2,0.4908854166666667,0.5027777777777778,0.015,0.05
