image,label,x,y,width,height
halle6_frame(51).png,2,0.4973958333333333,0.5074074074074074,0.015,0.065
halle6_frame(51).png,1,0.496875,0.5347222222222222,0.05234375,0.065
