image,label,x,y,width,height
halle5_frame(17).png,1,0.3268229166666667,0.5222222222222223,0.016927083333333332,0.030555555555555555
halle5_frame(17).png,2,0.3263020833333333,0.5069444444444444,0.009375,0.031018518518518518
