image,label,x,y,width,height
image (22).png,1,0.4980694980694981,0.6082474226804123,0.44787644787644787,0.5
image (22).png,2,0.5521235521235521,0.422680412371134,0.1776061776061776,0.4639175257731959
