image,label,x,y,width,height
image (26).png,1,0.5059288537549407,0.615,0.5731225296442688,0.44
image (26).png,2,0.5335968379446641,0.43,0.10276679841897234,0.41
