image,label,x,y,width,height
image (38).png,1,0.48,0.6044444444444445,0.19555555555555557,0.32
image (38).png,2,0.4533333333333333,0.4577777777777778,0.12444444444444444,0.3111111111111111
image (38).png,1,0.29333333333333333,0.5466666666666666,0.17333333333333334,0.3511111111111111
image (38).png,2,0.29333333333333333,0.44,0.14666666666666667,0.3022222222222222
