image,label,x,y,width,height
image (14).png,1,0.47843137254901963,0.5989847715736041,0.6313725490196078,0.54
image (14).png,2,0.5058823529411764,0.38071065989847713,0.23,0.5431472081218274
