image,label,x,y,width,height
image (20).png,1,0.7563636363636363,0.63,0.4,0.4
image (20).png,2,0.43272727272727274,0.5245901639344263,0.07272727272727272,0.2786885245901639
image (20).png,1,0.43636363636363634,0.6338797814207651,0.3,0.273224043715847
image (20).png,2,0.7454545454545455,0.5191256830601093,0.08363636363636363,0.3224043715846995
image (20).png,2,0.9672727272727273,0.5027322404371585,0.07,0.2568306010928962
image (20).png,1,0.95,0.6,0.3,0.3
