image,label,x,y,width,height
image (11).png,2,0.5885167464114832,0.3278008298755187,0.32057416267942584,0.6597510373443983
image (11).png,1,0.58,0.6099585062240664,0.6,0.6721991701244814
