image,label,x,y,width,height
image (35).png,1,0.2578616352201258,0.5471698113207547,0.16981132075471697,0.389937106918239
image (35).png,1,0.7327044025157232,0.6289308176100629,0.2389937106918239,0.4025157232704403
image (35).png,1,0.5220125786163522,0.6289308176100629,0.2169811320754717,0.5157232704402516
image (35).png,2,0.5220125786163522,0.44025157232704404,0.09433962264150944,0.4716981132075472
image (35).png,2,0.27044025157232704,0.4025157232704403,0.08176100628930817,0.42138364779874216
image (35).png,2,0.7358490566037735,0.4968553459119497,0.0880503144654088,0.3836477987421384
