image,label,x,y,width,height
image (73).png,1,0.7333333333333333,0.57,0.38222222222222224,0.6
image (73).png,1,0.3244444444444444,0.57,0.36,0.65
image (73).png,2,0.7244444444444444,0.40444444444444444,0.18666666666666668,0.5333333333333333
image (73).png,2,0.36,0.38666666666666666,0.18222222222222223,0.5555555555555556
