image,label,x,y,width,height
image (46).png,1,0.4144736842105263,0.6,0.5789473684210527,0.73
image (46).png,2,0.506578947368421,0.35542168674698793,0.13486842105263158,0.6987951807228916
