image,label,x,y,width,height
image (32).png,1,0.545,0.5519125683060109,0.67,0.8
image (32).png,2,0.5,0.3114754098360656,0.15217391304347827,0.5519125683060109
