image,label,x,y,width,height
image (9).png,1,0.5683060109289617,0.5672727272727273,0.3825136612021858,0.5236363636363637
image (9).png,2,0.5300546448087432,0.38181818181818183,0.33879781420765026,0.6290909090909091
