image,label,x,y,width,height
image (50).png,1,0.5,0.54,0.7,0.6
image (50).png,2,0.4,0.3236363636363636,0.39344262295081966,0.5745454545454546
