image,label,x,y,width,height
image (54).png,1,0.75,0.6237113402061856,0.4,0.7
image (54).png,2,0.7413127413127413,0.41237113402061853,0.16216216216216217,0.6
