image,label,x,y,width,height
image (8).png,1,0.4072727272727273,0.6557377049180327,0.2109090909090909,0.6010928961748634
image (8).png,2,0.4036363636363636,0.41530054644808745,0.2,0.5136612021857924
