image,label,x,y,width,height
image (53).png,1,0.34545454545454546,0.6612021857923497,0.13818181818181818,0.4262295081967213
image (53).png,2,0.33454545454545453,0.4918032786885246,0.11272727272727273,0.4207650273224044
image (53).png,1,0.45,0.6666666666666666,0.15,0.48633879781420764
image (53).png,1,0.5418181818181819,0.65,0.12363636363636364,0.45
image (53).png,2,0.5309090909090909,0.48633879781420764,0.12,0.4371584699453552
image (53).png,2,0.43272727272727274,0.4808743169398907,0.12727272727272726,0.4098360655737705
