image,label,x,y,width,height
image (48).png,1,0.4351145038167939,0.56,0.4618320610687023,0.55
image (48).png,2,0.41603053435114506,0.4,0.13740458015267176,0.5208333333333334
