image,label,x,y,width,height
image (59).png,1,0.315018315018315,0.5652173913043478,0.2454212454212454,0.4945652173913043
image (59).png,2,0.304029304029304,0.33152173913043476,0.11355311355311355,0.46195652173913043
image (59).png,1,0.7216117216117216,0.44565217391304346,0.1978021978021978,0.5706521739130435
image (59).png,2,0.7252747252747253,0.29891304347826086,0.14652014652014653,0.4891304347826087
