image,label,x,y,width,height
image (40).png,1,0.45454545454545453,0.6885245901639344,0.41454545454545455,0.5191256830601093
image (40).png,2,0.48363636363636364,0.4426229508196721,0.12363636363636364,0.4644808743169399
