image,label,x,y,width,height
image (10).png,1,0.43,0.65,0.65,0.68
image (10).png,2,0.4581818181818182,0.33879781420765026,0.13090909090909092,0.6065573770491803
