image,label,x,y,width,height
image (45).png,1,0.5,0.6190476190476191,0.5050167224080268,0.6071428571428571
image (45).png,2,0.5150501672240803,0.375,0.13377926421404682,0.4523809523809524
