image,label,x,y,width,height
image (57).png,1,0.2206896551724138,0.5433526011560693,0.1,0.125
image (57).png,2,0.2206896551724138,0.5028901734104047,0.020689655172413793,0.09826589595375723
