image,label,x,y,width,height
image (43).png,2,0.4808743169398907,0.31636363636363635,0.37158469945355194,0.38
image (43).png,1,0.5136612021857924,0.5,0.85,0.86
