image,label,x,y,width,height
image (75).png,1,0.1,0.5833333333333334,0.17333333333333334,0.26785714285714285
image (75).png,2,0.11333333333333333,0.49404761904761907,0.04,0.2261904761904762
image (75).png,1,0.6766666666666666,0.6309523809523809,0.6466666666666666,0.42857142857142855
image (75).png,1,0.3433333333333333,0.6071428571428571,0.24,0.27976190476190477
image (75).png,2,0.8066666666666666,0.4642857142857143,0.06333333333333334,0.375
image (75).png,2,0.5533333333333333,0.5119047619047619,0.05333333333333334,0.31547619047619047
image (75).png,2,0.35,0.5059523809523809,0.04666666666666667,0.23214285714285715
image (75).png,1,0.56,0.6190476190476191,0.24666666666666667,0.3273809523809524
