image,label,x,y,width,height
image (47).png,1,0.32727272727272727,0.57,0.43,0.8
image (47).png,2,0.32727272727272727,0.34972677595628415,0.11636363636363636,0.6120218579234973
