image,label,x,y,width,height
image (28).png,1,0.416988416988417,0.5824742268041238,0.4,0.5051546391752577
image (28).png,2,0.44015444015444016,0.41237113402061853,0.21,0.4742268041237113
