image,label,x,y,width,height
image (15).png,1,0.5,0.65,0.85,0.7
image (15).png,2,0.5188284518828452,0.36018957345971564,0.20920502092050208,0.6966824644549763
