image,label,x,y,width,height
image (60).png,1,0.5019305019305019,0.6907216494845361,0.40540540540540543,0.5876288659793815
image (60).png,2,0.47,0.42783505154639173,0.24324324324324326,0.5773195876288659
