image,label,x,y,width,height
image (36).png,1,0.53156146179402,0.49,0.4717607973421927,0.58
image (36).png,2,0.5,0.26,0.14,0.45
