image,label,x,y,width,height
image (66).png,1,0.4490566037735849,0.4368421052631579,0.33,0.7
image (66).png,2,0.44150943396226416,0.28421052631578947,0.21132075471698114,0.5684210526315789
