image,label,x,y,width,height
image (64).png,1,0.6,0.68,0.45,0.57
image (64).png,1,0.44,0.68,0.45,0.5360824742268041
image (64).png,2,0.63,0.5051546391752577,0.15,0.5
image (64).png,2,0.44015444015444016,0.4,0.1,0.3
