image,label,x,y,width,height
image (23).png,1,0.4,0.6690140845070423,0.35,0.8
image (23).png,2,0.4084507042253521,0.4084507042253521,0.09577464788732394,0.6619718309859155
image (23).png,2,0.28450704225352114,0.45774647887323944,0.08169014084507042,0.647887323943662
image (23).png,1,0.25,0.7,0.25,0.6
