image,label,x,y,width,height
image (19).png,1,0.49498327759197325,0.5654761904761905,0.41471571906354515,0.75
image (19).png,2,0.5050167224080268,0.32142857142857145,0.1505016722408027,0.6309523809523809
