image,label,x,y,width,height
image (74).png,1,0.48258706467661694,0.5936254980079682,0.3781094527363184,0.5856573705179283
image (74).png,2,0.4527363184079602,0.3665338645418327,0.30845771144278605,0.5936254980079682
