image,label,x,y,width,height
image (63).png,1,0.48,0.6557377049180327,0.2290909090909091,0.644808743169399
image (63).png,2,0.48,0.3879781420765027,0.18181818181818182,0.6994535519125683
