image,label,x,y,width,height
image (71).png,1,0.5445205479452054,0.5290697674418605,0.21575342465753425,0.22
image (71).png,1,0.8767123287671232,0.5232558139534884,0.20205479452054795,0.22
image (71).png,2,0.523972602739726,0.436046511627907,0.04,0.1686046511627907
image (71).png,1,0.3801369863013699,0.4941860465116279,0.14383561643835616,0.22
image (71).png,2,0.8664383561643836,0.4418604651162791,0.038,0.1569767441860465
image (71).png,2,0.363013698630137,0.4186046511627907,0.034,0.13372093023255813
