image,label,x,y,width,height
image (62).png,1,0.5066666666666667,0.6428571428571429,0.19,0.6726190476190477
image (62).png,2,0.5066666666666667,0.3392857142857143,0.12666666666666668,0.4107142857142857
