image,label,x,y,width,height
image (69).png,1,0.48484848484848486,0.596078431372549,0.3333333333333333,0.5647058823529412
image (69).png,2,0.46,0.33725490196078434,0.3383838383838384,0.56
