image,label,x,y,width,height
image (25).png,1,0.5394190871369294,0.565,0.75,0.7
image (25).png,2,0.5020746887966805,0.3867403314917127,0.2033195020746888,0.57
