image,label,x,y,width,height
image (56).png,1,0.3029197080291971,0.61,0.3175182481751825,0.4
image (56).png,1,0.5620437956204379,0.6195652173913043,0.1897810218978102,0.42934782608695654
image (56).png,2,0.354014598540146,0.5,0.0948905109489051,0.375
image (56).png,2,0.6021897810218978,0.4673913043478261,0.08759124087591241,0.358695652173913
image (56).png,2,0.7335766423357665,0.5760869565217391,0.0364963503649635,0.1358695652173913
image (56).png,2,0.68,0.5706521739130435,0.0364963503649635,0.16847826086956522
