image,label,x,y,width,height
image (27).png,1,0.6477987421383647,0.55,0.45,0.8
image (27).png,2,0.6415094339622641,0.36477987421383645,0.15,0.5220125786163522
