image,label,x,y,width,height
image (52).png,1,0.52,0.57,0.6,0.85
image (52).png,1,0.9019607843137255,0.5685279187817259,0.16862745098039217,0.5329949238578681
image (52).png,2,0.9019607843137255,0.4213197969543147,0.14,0.53
image (52).png,2,0.5137254901960784,0.36548223350253806,0.21176470588235294,0.7258883248730964
