image,label,x,y,width,height
image (21).png,1,0.444015444015444,0.5824742268041238,0.25,0.65
image (21).png,2,0.444015444015444,0.41,0.21235521235521235,0.55
