image,label,x,y,width,height
image (18).png,1,0.5168539325842697,0.5343915343915344,0.24344569288389514,0.8
image (18).png,2,0.5093632958801498,0.3386243386243386,0.24719101123595505,0.6772486772486772
