image,label,x,y,width,height
image (76).png,1,0.45,0.528957528957529,0.7,0.8
image (76).png,2,0.4381443298969072,0.4,0.36597938144329895,0.4
