image,label,x,y,width,height
image (39).png,1,0.4955357142857143,0.5267857142857143,0.32142857142857145,0.5
image (39).png,2,0.5178571428571429,0.375,0.14732142857142858,0.29017857142857145
