image,label,x,y,width,height
image (49).png,1,0.7533512064343163,0.6962962962962963,0.225201072386059,0.35
image (49).png,1,0.5,0.6592592592592592,0.2,0.362962962962963
image (49).png,2,0.7721179624664879,0.562962962962963,0.055,0.2814814814814815
image (49).png,2,0.3672922252010724,0.562962962962963,0.022,0.1925925925925926
image (49).png,2,0.5,0.5333333333333333,0.06,0.3111111111111111
image (49).png,1,0.36193029490616624,0.6370370370370371,0.07238605898123325,0.22
