image,label,x,y,width,height
image (67).png,1,0.6588628762541806,0.7083333333333334,0.28762541806020064,0.34523809523809523
image (67).png,2,0.6889632107023411,0.5892857142857143,0.0802675585284281,0.34523809523809523
