image,label,x,y,width,height
image (41).png,1,0.5018181818181818,0.55,0.1890909090909091,0.65
image (41).png,2,0.5054545454545455,0.3224043715846995,0.2,0.5027322404371585
