image,label,x,y,width,height
image (44).png,1,0.43666666666666665,0.55,0.5,0.7
image (44).png,2,0.42,0.38095238095238093,0.10666666666666667,0.5178571428571429
image (44).png,1,0.7633333333333333,0.4642857142857143,0.04666666666666667,0.08333333333333333
