image,label,x,y,width,height
image (42).png,1,0.5316901408450704,0.45,0.31690140845070425,0.84
image (42).png,1,0.8556338028169014,0.5649717514124294,0.15845070422535212,0.37
image (42).png,2,0.8626760563380281,0.4576271186440678,0.0528169014084507,0.24293785310734464
image (42).png,2,0.5809859154929577,0.3163841807909605,0.11267605633802817,0.576271186440678
