image,label,x,y,width,height
image (17).png,1,0.5854545454545454,0.65,0.7,0.67
image (17).png,2,0.5272727272727272,0.3825136612021858,0.11272727272727273,0.6229508196721312
