image,label,x,y,width,height
image (31).png,1,0.55,0.5685279187817259,0.75,0.75
image (31).png,2,0.5058823529411764,0.3401015228426396,0.2549019607843137,0.5583756345177665
