image,label,x,y,width,height
image (34).png,1,0.3783783783783784,0.5846153846153846,0.12355212355212356,0.37948717948717947
image (34).png,1,0.7760617760617761,0.6461538461538462,0.14671814671814673,0.3230769230769231
image (34).png,1,0.25096525096525096,0.5487179487179488,0.15444015444015444,0.35384615384615387
image (34).png,1,0.5482625482625483,0.5743589743589743,0.15057915057915058,0.5128205128205128
image (34).png,2,0.26640926640926643,0.41025641025641024,0.10810810810810811,0.2923076923076923
image (34).png,2,0.7683397683397684,0.5025641025641026,0.10424710424710425,0.31794871794871793
image (34).png,2,0.3783783783783784,0.4205128205128205,0.10810810810810811,0.358974358974359
image (34).png,2,0.5521235521235521,0.4307692307692308,0.12355212355212356,0.4564102564102564
