image,label,x,y,width,height
image (16).png,1,0.2731707317073171,0.6,0.4634146341463415,0.7
image (16).png,1,0.7658536585365854,0.5894308943089431,0.36585365853658536,0.7
image (16).png,2,0.3121951219512195,0.3617886178861789,0.4097560975609756,0.5528455284552846
image (16).png,2,0.7365853658536585,0.3983739837398374,0.3073170731707317,0.5934959349593496
