image,label,x,y,width,height
image (33).png,1,0.36774193548387096,0.6012269938650306,0.3548387096774194,0.4171779141104294
image (33).png,2,0.3967741935483871,0.4662576687116564,0.07419354838709677,0.4233128834355828
