image,label,x,y,width,height
image (70).png,1,0.1605351170568562,0.40476190476190477,0.17391304347826086,0.375
image (70).png,1,0.38461538461538464,0.49404761904761907,0.15719063545150502,0.4166666666666667
image (70).png,2,0.17391304347826086,0.25,0.09698996655518395,0.38095238095238093
image (70).png,1,0.6923076923076923,0.6904761904761905,0.431438127090301,0.5892857142857143
image (70).png,2,0.5284280936454849,0.3630952380952381,0.06020066889632107,0.3333333333333333
image (70).png,2,0.391304347826087,0.32142857142857145,0.08361204013377926,0.3869047619047619
image (70).png,1,0.5250836120401338,0.5178571428571429,0.13043478260869565,0.3630952380952381
image (70).png,2,0.7090301003344481,0.4523809523809524,0.13712374581939799,0.7023809523809523
