image,label,x,y,width,height
image (55).png,1,0.27,0.6049382716049383,0.4,0.67
image (55).png,2,0.2861736334405145,0.35,0.12218649517684887,0.7
