image,label,x,y,width,height
image (58).png,1,0.3781818181818182,0.53,0.85,0.95
image (58).png,2,0.28,0.34972677595628415,0.3,0.7049180327868853
