image,label,x,y,width,height
image (13).png,1,0.5050167224080268,0.55,0.5953177257525084,0.7
image (13).png,2,0.45,0.37,0.25,0.55
