image,label,x,y,width,height
image (30).png,1,0.23636363636363636,0.639344262295082,0.3490909090909091,0.4808743169398907
image (30).png,1,0.35,0.5901639344262295,0.34,0.4262295081967213
image (30).png,2,0.22545454545454546,0.5245901639344263,0.08,0.4426229508196721
image (30).png,2,0.3781818181818182,0.47540983606557374,0.06909090909090909,0.38
