image,label,x,y,width,height
image (12).png,1,0.46616541353383456,0.5,0.5977443609022557,0.7
image (12).png,2,0.5,0.3,0.22,0.55
